{"cameraMode":{"drawMode":0,"name":"Shaded","section":"Shading Mode"},"sceneLighting":true,"audioPlay":false,"sceneViewState":{"showFog":true,"showMaterialUpdate":false,"showSkybox":true,"showFlares":true,"showImageEffects":true,"showParticleSystems":true},"in2DMode":false,"pivot":{"x":-0.10414761304855347,"y":0.2062976360321045,"z":4.9742279052734379},"rotation":{"x":0.042029883712530139,"y":0.11215958744287491,"z":-0.004749889485538006,"w":0.9928045868873596},"size":0.653736412525177,"orthographic":false}